Method,Best Params,Precision,Recall (Macro),F1,FCR (%),Net Savings
Random Forest (untuned),{},0.9183673469387755,0.8515083889099321,0.7964601769911505,70.3125,-670.4499999999985
SMOTE,"{'smote__k_neighbors': 13, 'smote__sampling_strategy': 0.2}",0.8253968253968254,0.9061011945023132,0.8188976377952756,81.25,688.9499999999998
SMOTE + Tomek,"{'smote_tomek__k_neighbors': 11, 'smote_tomek__sampling_strategy': 0.2}",0.8253968253968254,0.9061011945023132,0.8188976377952756,81.25,688.9499999999998
ADASYN,"{'adasyn__n_neighbors': 15, 'adasyn__sampling_strategy': 0.2}",0.8125,0.9060876667297963,0.8125,81.25,688.9499999999998
ADASYN + Tomek,"{'adasyn_tomek__n_neighbors': 13, 'adasyn_tomek__sampling_strategy': 0.2}",0.8125,0.9060876667297963,0.8125,81.25,688.9499999999998
Random Undersampling,{},0.057435897435897436,0.9250679770568978,0.10779595765158806,87.5,4771.630000000001
Random Oversampling,{},0.9230769230769231,0.8749458889099321,0.8275862068965517,75.0,-430.40999999999985
Class Weights,"{'clf__class_weight': {0: np.float64(0.0), 1: np.float64(100.0)}}",0.0017285617825793383,0.5,0.0034511580252905173,100.0,7177.73
