Method,Best Params,Precision,Recall (Macro),F1,FCR (%),Net Savings
Random Forest (untuned),{},0.9361702127659575,0.843709416682449,0.7927927927927928,68.75,-708.4899999999989
SMOTE,"{'smote__k_neighbors': 7, 'smote__sampling_strategy': 0.2}",0.8064516129032258,0.8904626667297963,0.7936507936507936,78.125,-423.9699999999998
SMOTE + Tomek,"{'smote_tomek__k_neighbors': 7, 'smote_tomek__sampling_strategy': 0.2}",0.8064516129032258,0.8904626667297963,0.7936507936507936,78.125,-423.9699999999998
ADASYN,"{'adasyn__n_neighbors': 9, 'adasyn__sampling_strategy': 0.2}",0.7936507936507936,0.8904491389572793,0.7874015748031497,78.125,-423.9699999999998
ADASYN + Tomek,"{'adasyn_tomek__n_neighbors': 9, 'adasyn_tomek__sampling_strategy': 0.2}",0.7936507936507936,0.8904491389572793,0.7874015748031497,78.125,-423.9699999999998
Random Undersampling,{},0.051756007393715345,0.9236205053975812,0.09773123909249563,87.5,4771.630000000001
Random Oversampling,{},0.9230769230769231,0.8749458889099321,0.8275862068965517,75.0,-430.40999999999985
Class Weights,"{'clf__class_weight': {0: np.float64(0.0), 1: np.float64(100.0)}}",0.0017285617825793383,0.5,0.0034511580252905173,100.0,7177.73
